"STUDENT_ID","SALUTATION","FIRST_NAME","LAST_NAME","STREET_ADDRESS","ZIP","PHONE","EMPLOYER","REGISTRATION_DATE","CREATED_BY","CREATED_DATE","MODIFIED_BY","MODIFIED_DATE"
167,"Mr.","Jim","Joas","53-33 192nd St.","11365","718-555-5555","Gaum, Inc.",02-FEB-07,"BROSENZWEIG",02-FEB-07,"BROSENZW",02-FEB-07
168,"Ms.","Sally","Naso","812 79th St.","07047","201-555-5555","Motors National",02-FEB-07,"BROSENZWEIG",02-FEB-07,"BROSENZW",02-FEB-07
169,"Mr.","Frantz","McLean","23-08 Newtown Ave.","11102","718-555-5555","Guenther Miller",02-FEB-07,"BROSENZWEIG",02-FEB-07,"BROSENZW",02-FEB-07
170,"Ms.","P.","Balterzar","30 Carriage Rd.","11576","718-555-5555","Parton Corp.",02-FEB-07,"BROSENZWEIG",02-FEB-07,"BROSENZW",02-FEB-07
171,"Ms.","Denise","Brownstein","104-36 196th St.","11412","718-555-5555","Nearst Corp.",02-FEB-07,"BROSENZWEIG",02-FEB-07,"BROSENZW",02-FEB-07
172,"Ms.","Maria","Arias","Box 216","11426","718-555-5555","Lising Corp.",02-FEB-07,"BROSENZWEIG",02-FEB-07,"BROSENZW",02-FEB-07
173,"Mr.","Oscar","McGill","578 E 40th ST.","11218","718-555-5555","Nearst Corp.",02-FEB-07,"BROSENZWEIG",02-FEB-07,"BROSENZW",02-FEB-07
174,"Mr.","Michael","Brown","265 Hawthorne St #2D","11225","718-555-5555","Nearst Corp.",02-FEB-07,"BROSENZWEIG",02-FEB-07,"BROSENZW",02-FEB-07
175,"Ms.","Debra","Boyce","294 East 98 St.","11212","718-555-5555","Hoare Govett, Inc.",02-FEB-07,"BROSENZWEIG",02-FEB-07,"BROSENZW",02-FEB-07
176,"Ms.","Beth","Satterfield","140 Amity St","11201","718-555-5555","Hosp. Jt. Diseases",02-FEB-07,"BROSENZWEIG",02-FEB-07,"BROSENZW",02-FEB-07
178,"Mr.","Ricardo","Kurtz","31-21 30th St.","11106","718-555-5555","Electronic Engineers",02-FEB-07,"BROSENZWEIG",02-FEB-07,"BROSENZW",02-FEB-07
179,"Mr.","Simon","Ramesh","92-14 51st Ave","11373","718-555-5555","Electronic Engineers",02-FEB-07,"BROSENZWEIG",02-FEB-07,"BROSENZW",02-FEB-07
180,"Mr.","E.A.","Torres","1495 Union","11213","718-555-5555","Electronic Engineers",03-FEB-07,"BROSENZWEIG",03-FEB-07,"BROSENZW",03-FEB-07
181,"Mr.","Anthony","Bullock","53 Pauklie St.","11206","718-555-5555","Electronic Engineers",03-FEB-07,"BROSENZWEIG",03-FEB-07,"BROSENZW",03-FEB-07
182,"Mr.","Jeffrey","Delbrun","PO Box 1091","07024","201-555-5555","Electronic Engineers",03-FEB-07,"BROSENZWEIG",03-FEB-07,"BROSENZW",03-FEB-07
184,"Ms.","Salewa","Zuckerberg","1614 64th St.","11204","718-555-5555","Electronic Engineers",03-FEB-07,"BROSENZWEIG",03-FEB-07,"BROSENZW",03-FEB-07
185,"Mr.","Dennis","Mehta","371 Monmouth St.","07302","201-555-5555","Electronic Engineers",03-FEB-07,"BROSENZWEIG",03-FEB-07,"BROSENZW",03-FEB-07
186,"Ms.","Christine","Sheppard","16 Seymour St.","07042","201-555-5555","Electronic Engineers",03-FEB-07,"BROSENZWEIG",03-FEB-07,"BROSENZW",03-FEB-07
187,"Mr.","O.","Garnes","125 Great Hills Rd","07078","201-555-5555","Electronic Engineers",03-FEB-07,"BROSENZWEIG",03-FEB-07,"BROSENZW",03-FEB-07
188,"Mr.","Phil","Gilloon","4244 Morestown Ct. E","43224","614-555-5555","The Electronic Publishing Company",03-FEB-07,"BROSENZWEIG",03-FEB-07,"BROSENZW",03-FEB-07
189,"Ms.","Deborah","Reyes","91 S 10th St","07107","201-555-5555","Electronic Engineers",03-FEB-07,"BROSENZWEIG",03-FEB-07,"BROSENZW",03-FEB-07
190,"Mr.","Alan","Affinito","735 W. Crescent Ave.","07401","201-555-5555","Electronic Engineers",03-FEB-07,"BROSENZWEIG",03-FEB-07,"BROSENZW",03-FEB-07
191,"Mr.","Steven","M. Orent","223 Crabapple Rd.","11303","718-555-5555","Electronic Engineers",03-FEB-07,"BROSENZWEIG",03-FEB-07,"BROSENZW",03-FEB-07
192,"Mr.","Frank","Viotty","299 Ocean Ae.","11230","718-555-5555","Electronic Engineers",03-FEB-07,"BROSENZWEIG",03-FEB-07,"BROSENZW",03-FEB-07
193,"Mr.","Al","Jamerncy","16 Eldor Ave.","10956","212-555-5555","Electronic Engineers",03-FEB-07,"BROSENZWEIG",03-FEB-07,"BROSENZW",03-FEB-07
194,"Ms.","Verona","Grant","17 Gould St.","07044","201-555-5555","Electronic Engineers",03-FEB-07,"BROSENZWEIG",03-FEB-07,"BROSENZW",03-FEB-07
195,"Ms.","Regina","Bose","29 Cygnet Dr.","11787","718-555-5555","Millhover Publishing",03-FEB-07,"BROSENZWEIG",03-FEB-07,"BROSENZW",03-FEB-07
196,"Mr.","Victor","Meshaj","22 Coach Lame Lane","06830","203-555-5555","Interchurch",03-FEB-07,"BROSENZWEIG",03-FEB-07,"BROSENZW",03-FEB-07
197,"Mr.","J.","Dalvi","Skaarup Oil Co. 66 Field Pt. R","06830","203-555-5555","Interchurch",03-FEB-07,"BROSENZWEIG",03-FEB-07,"BROSENZW",03-FEB-07
198,"Mr.","Edwin","Allende","276 Fillo St.","06850","203-555-5555","Interchurch",03-FEB-07,"BROSENZWEIG",03-FEB-07,"BROSENZW",03-FEB-07
199,"Mr.","J.","Segall","53-35 192 St.","11365","718-555-5555","Johnson & Higgins",03-FEB-07,"BROSENZWEIG",03-FEB-07,"BROSENZW",03-FEB-07
200,"Mr.","Gene","Bresser, HR Rep.","81 Shady Ln","07023","201-555-5555","Judicial Center",05-FEB-07,"BROSENZWEIG",05-FEB-07,"BROSENZW",05-FEB-07
201,"Mr.","Michael","Lefbowitz","1438 E 100th St","11236","718-555-5555","Judicial Center",05-FEB-07,"BROSENZWEIG",05-FEB-07,"BROSENZW",08-FEB-07
202,"Ms.","Mary","Axch","144-70 41st Ave. #4T","11355","718-555-5555","Kenyon & Kenyon",05-FEB-07,"BROSENZWEIG",05-FEB-07,"BROSENZW",08-FEB-07
203,"Mr.","Angel","Cook","320 John St","07029","201-555-5555","Lambert, Brussels",05-FEB-07,"BROSENZWEIG",05-FEB-07,"BROSENZW",08-FEB-07
204,"Mr.","Arun","Griffen","Box 86","11368","718-555-5555","Lambos, Flynn",05-FEB-07,"BROSENZWEIG",05-FEB-07,"BROSENZW",08-FEB-07
205,"Mr.","Alfred","Hutheesing","43-11 National St","11368","718-555-5555","Lambos, Flynn",05-FEB-07,"BROSENZWEIG",05-FEB-07,"BROSENZW",08-FEB-07
206,"Mr.","Freedon","annunziato","45 Adelphi St. #2W","11205","718-555-5555","Lamont Doherty",05-FEB-07,"BROSENZWEIG",05-FEB-07,"BROSENZW",08-FEB-07
207,"Ms.","Bernadette","Montanez","7 St. Lukes Place #202","07042","201-555-5555","Lamont Doherty",05-FEB-07,"BROSENZWEIG",05-FEB-07,"BROSENZW",08-FEB-07
208,"Mr.","A.","Tucker","117 Olcott Way","06877","203-555-5555","Lowenthal & Horwalk",05-FEB-07,"BROSENZWEIG",05-FEB-07,"BROSENZW",08-FEB-07
209,"Mr.","Lloyd","Kellam","156-02 Liberty Ave.","11433","718-555-5555","Lowenthal & Horwalk",05-FEB-07,"BROSENZWEIG",05-FEB-07,"BROSENZW",08-FEB-07
210,"Mr.","David","Thares","20 Charles Rd.","06798","203-555-5555","MGIC Indemnity",05-FEB-07,"BROSENZWEIG",05-FEB-07,"BROSENZW",08-FEB-07
211,"Ms.","Jenny","Goldsmith","250 N. Van Dien Ave.","07450","201-555-5555","Man.School Music",05-FEB-07,"BROSENZWEIG",05-FEB-07,"BROSENZW",08-FEB-07
212,"Ms.","Barbara","Robichaud","132 S Mountain View Dr.","10965","212-555-5555","Man.School Music",05-FEB-07,"BROSENZWEIG",05-FEB-07,"BROSENZW",08-FEB-07
214,"Ms.","Yvonne","Williams","80-20 4th Ave.  #A3","11209","718-555-5555","Iarriott Hotels",05-FEB-07,"BROSENZWEIG",05-FEB-07,"BROSENZW",08-FEB-07
215,"Mr.","Reynaldo","Chatman","9925 42nd Ave. #3B","11368","718-555-5555","Iarriott Hotels",05-FEB-07,"BROSENZWEIG",05-FEB-07,"BROSENZW",08-FEB-07
216,"Mr.","Madhav","Dusenberry","6331 Durham Ave","07047","201-555-5555","Micro Rental",05-FEB-07,"BROSENZWEIG",05-FEB-07,"BROSENZW",08-FEB-07
217,"Mr.","Jeffrey","Citron","PO Box 1091","07024","201-555-5555","Mitsukoshi USA Inc.",05-FEB-07,"BROSENZWEIG",05-FEB-07,"BROSENZW",08-FEB-07
218,"Mr.","Eric","Da Silva","90-36 53rd Avenue, #3D","11373","718-555-5555","Mitsukoshi USA Inc.",05-FEB-07,"BROSENZWEIG",05-FEB-07,"BROSENZW",08-FEB-07
220,"Mr.","Robert","Segall","36 Brookdale Dr.","06903","203-555-5555","Board Utilities",08-FEB-07,"BROSENZWEIG",08-FEB-07,"BROSENZW",11-FEB-07
221,"Ms.","Sheradha","Malone","91-41 23rd Ave. 1st Floor","11369","718-555-5555","Board Utilities",08-FEB-07,"BROSENZWEIG",08-FEB-07,"BROSENZW",11-FEB-07
223,"Mr.","Frank","Pace","13 Burlington Dr.","10025","203-555-5555","Board Utilities",08-FEB-07,"BROSENZWEIG",08-FEB-07,"BROSENZW",11-FEB-07
224,"Mr.","M.","Diokno","44-20 64th St #6L","11377","718-555-5555","Natnl Bank Hungary",08-FEB-07,"BROSENZWEIG",08-FEB-07,"BROSENZW",11-FEB-07
225,"Mr.","Edgar","Moffat","172 Lincoln St","07042","201-555-5555","OPEIU",08-FEB-07,"BROSENZWEIG",08-FEB-07,"BROSENZW",11-FEB-07
227,"Ms.","Bessie","Heedles","932 Carnegie Ave.","07060","201-555-5555","Ogilvy & Bernard",08-FEB-07,"BROSENZWEIG",08-FEB-07,"BROSENZW",11-FEB-07
228,"Mr.","Mohamed","Valentine","35-33 83rd St. #D 12","11372","718-555-5555","Omni Devel.& Markt.",08-FEB-07,"BROSENZWEIG",08-FEB-07,"BROSENZW",11-FEB-07
229,"Ms.","Adrienne","Lopez","755 Anderson Ave. #3-25","07010","201-555-5555","P&S 3-401",08-FEB-07,"BROSENZWEIG",08-FEB-07,"BROSENZW",11-FEB-07
230,"Mr.","George","Kocka","24 Beaufield St.","02124","617-555-5555","PC Values",08-FEB-07,"BROSENZWEIG",08-FEB-07,"BROSENZW",11-FEB-07
361,"Mr.","Rawan","Rosenberg","94-31 59th Ave #5A","11373","718-555-5555","Millermont Public School",21-FEB-07,"BROSENZWEIG",21-FEB-07,"BROSENZW",24-FEB-07
362,"Mr.","Yu","Sentell","1679 Woodbine St.","11385","718-555-5555","Emerging Image, Inc.",21-FEB-07,"BROSENZWEIG",21-FEB-07,"BROSENZW",24-FEB-07
363,"Ms.","Bridget","Hagel","640 E 94th St","11236","718-555-5555","Emerging Image, Inc.",21-FEB-07,"BROSENZWEIG",21-FEB-07,"BROSENZW",24-FEB-07
364,"Mr.","Howard","Leopta","269 Vassar Ave","07112","201-555-5555","Miro Life Insurance",21-FEB-07,"BROSENZWEIG",21-FEB-07,"BROSENZW",24-FEB-07
365,"Ms.","Kathleen","Mastandora","Box 165","11222","718-555-5555","Mire Life Insurance",21-FEB-07,"BROSENZWEIG",21-FEB-07,"BROSENZW",24-FEB-07
366,"Mr.","Gabriel","Smith","451 E 26th St","11226","718-555-5555","Miro Life Insurance",21-FEB-07,"BROSENZWEIG",21-FEB-07,"BROSENZW",24-FEB-07
367,"Mr.","Raymond","Cheevens","2 Broadview Rd.","06880","203-555-5555","Miro Life Insurance",21-FEB-07,"BROSENZWEIG",21-FEB-07,"BROSENZW",24-FEB-07
368,"Mr.","Kevin","Lin","1402 Easter Pkwy","11233","718-555-5555","Ettlinger & Amerbach",21-FEB-07,"BROSENZWEIG",21-FEB-07,"BROSENZW",24-FEB-07
369,"Ms.","Lorraine","Tucker","200 Winston Dr.","07010","201-555-5555","Ettlinger & Amerbach",21-FEB-07,"BROSENZWEIG",21-FEB-07,"BROSENZW",24-FEB-07
370,"Mr.","John","Mithane","770 Amsterdam Ave. #20K","07010","201-555-5555","Euclid Partners Corp",21-FEB-07,"BROSENZWEIG",21-FEB-07,"BROSENZW",24-FEB-07
371,"Mr.","Craig","Anglin","199-46 21st Ave.","11357","718-555-5555","Baxxon Corp.",21-FEB-07,"BROSENZWEIG",21-FEB-07,"BROSENZW",24-FEB-07
372,"Ms.","Zalman","Draquez","5110 Ave. M","11234","718-555-5555","Baxxon Corp.",21-FEB-07,"BROSENZWEIG",21-FEB-07,"BROSENZW",24-FEB-07
373,"Ms.","Reeva","Yeroushalmi","4500 Beach 45th St.","11224","718-555-5555","Baxxon Corp.",21-FEB-07,"BROSENZWEIG",21-FEB-07,"BROSENZW",24-FEB-07
374,"Mr.","Leonard","Millstein","31 Thistle Lane","07430","201-555-5555","FGIC",21-FEB-07,"BROSENZWEIG",21-FEB-07,"BROSENZW",24-FEB-07
375,"Mr.","Jack","Kasperovich","98-17 162nd Ave.","11414","718-555-5555","Fashion Institute",21-FEB-07,"BROSENZWEIG",21-FEB-07,"BROSENZW",24-FEB-07
376,"Ms.","Lorelei","McNeal","432 Hunt Ln.","11030","718-555-5555","Finle & Co.",21-FEB-07,"BROSENZWEIG",21-FEB-07,"BROSENZW",24-FEB-07
378,"Mr.","William","Gallo","P O Box 6309","07306","201-555-5555","First Holland Corp.",21-FEB-07,"BROSENZWEIG",21-FEB-07,"BROSENZW",24-FEB-07
379,"Mr.","Craig","Padron","199-46 21st Ave.","11357","718-555-5555","German Natnl Bank",21-FEB-07,"BROSENZWEIG",21-FEB-07,"BROSENZW",24-FEB-07
380,"Mr.","Joel","Krot","111 Village Hill Dr.","11746","718-555-5555","Freeman, Davis",23-FEB-07,"BROSENZWEIG",23-FEB-07,"BROSENZW",26-FEB-07
381,"Mr.","Allan","Simmons","2422 Brigham St.","11235","718-555-5555","Friedlander, Gaines",23-FEB-07,"BROSENZWEIG",23-FEB-07,"BROSENZW",26-FEB-07
382,"Mr.","Michael","Miroff","1316 South End Prkwy.","07060","201-555-5555","Friedlander, Gaines",23-FEB-07,"BROSENZWEIG",23-FEB-07,"BROSENZW",26-FEB-07
383,"Ms.","Roger","Cowie","739 Willow St.","07016","201-555-5555","G.C.Osnos Co.",23-FEB-07,"BROSENZWEIG",23-FEB-07,"BROSENZW",26-FEB-07
384,"Mr.","Asian","Chirichella","134-25 Franklin Ave. #512","11355","718-555-5555","Peo Capital Corp.",23-FEB-07,"BROSENZWEIG",23-FEB-07,"BROSENZW",26-FEB-07
385,"Ms.","Yvonne","Allende","8020 Fort Ave. #A3","11209","718-555-5555","Georval, Inc.",23-FEB-07,"BROSENZWEIG",23-FEB-07,"BROSENZW",26-FEB-07
386,"Ms.","Sengita","MacDonald, Jr.","144-35 32nd Ave","11354","718-555-5555","Goddard Institute",23-FEB-07,"BROSENZWEIG",23-FEB-07,"BROSENZW",26-FEB-07
387,"Mr.","Paul","Braun","224 40th St","07111","201-555-5555","FBO, Inc.",23-FEB-07,"BROSENZWEIG",23-FEB-07,"BROSENZW",26-FEB-07
388,"Ms.","Anna","Bathmanapan","481 Van Buren St.#C1","11221","718-555-5555","FBO, Inc.",23-FEB-07,"BROSENZWEIG",23-FEB-07,"BROSENZW",26-FEB-07
389,"Ms.","Shirley","Leung","88 Sherman St.","07055","201-555-5555","FBO, Inc.",23-FEB-07,"BROSENZWEIG",23-FEB-07,"BROSENZW",26-FEB-07
390,"Mr.","V.","Greenberg","105-34 65th Ave.  #6B","11375","718-555-5555","Handler,Danas Realty",23-FEB-07,"BROSENZWEIG",23-FEB-07,"BROSENZW",26-FEB-07
391,"Mr.","Rafael A.","Torres","142-20 Franklin Ave. #2Q","11355","718-555-5555","Handler,Danas Realty",23-FEB-07,"BROSENZWEIG",23-FEB-07,"BROSENZW",26-FEB-07
392,"Mr.","V.","Saliternan","105-34 65th Ave.  #6B","11375","718-555-5555","Handler,Danas Realty",23-FEB-07,"BROSENZWEIG",23-FEB-07,"BROSENZW",26-FEB-07
393,"Mr.","Melvin","Martin","88 Sherman St.","07055","201-555-5555","Hanlon & McHeffey",23-FEB-07,"BROSENZWEIG",23-FEB-07,"BROSENZW",26-FEB-07
394,"Ms.","Vera","Wetcel","172-12 133rd Ave.","11434","718-555-5555","Harold C.Hervon, PC",23-FEB-07,"BROSENZWEIG",23-FEB-07,"BROSENZW",26-FEB-07
396,"Mr.","James E.","Norman","PO Box 809 Curran Hwy","01247","617-555-5555","Health & Hospitals",23-FEB-07,"BROSENZWEIG",23-FEB-07,"BROSENZW",26-FEB-07
397,"Ms.","Margaret","Lloyd","77-15 113th Street, #15","11375","718-555-5555","Health & Hospitals",23-FEB-07,"BROSENZWEIG",23-FEB-07,"BROSENZW",26-FEB-07
399,"Mr.","Jerry","Abdou","460 15th St. #4","10025","718-555-5555","Health Mgmt.Systems",23-FEB-07,"BROSENZWEIG",23-FEB-07,"BROSENZW",26-FEB-07
232,"Ms.","Janet","Jung","118-18 Union Tpke #3K","11415","718-555-5555","Plannning, Health S.",08-FEB-07,"BROSENZWEIG",08-FEB-07,"BROSENZW",11-FEB-07
233,"Ms.","Kathleen","Mulroy","770 Anderson Ave.","07010","201-555-5555","Hohenreuther",08-FEB-07,"BROSENZWEIG",08-FEB-07,"BROSENZW",11-FEB-07
234,"Mr.","Joel","Brendler","111 Village Hill Dr.","11746","718-555-5555","Morninghill Presbyterian Hosp.",08-FEB-07,"BROSENZWEIG",08-FEB-07,"BROSENZW",11-FEB-07
235,"Mr.","Michael","Carcia","250 Senator St","11220","718-555-5555","KO Pictures, Inc.",08-FEB-07,"BROSENZWEIG",08-FEB-07,"BROSENZW",11-FEB-07
236,"Mr.","Gerry","Tripp","35-15 84th St.","11372","718-555-5555","Schl.of Nursing",08-FEB-07,"BROSENZWEIG",08-FEB-07,"BROSENZW",11-FEB-07
237,"Mr.","Rommel","Frost","P.O. Box 6294","07306","201-555-5555","Seligman Harris",08-FEB-07,"BROSENZWEIG",08-FEB-07,"BROSENZW",11-FEB-07
238,"Mr.","Roger","Snow","1620 Cambridge Rd.","48104","517-555-5555","Seligman Harris",08-FEB-07,"BROSENZWEIG",08-FEB-07,"BROSENZW",11-FEB-07
240,"Ms.","Z.A.","Scrittorale","27 Arrowhead Wy.","06820","203-555-5555","Sibney Advertising",11-FEB-07,"BROSENZWEIG",11-FEB-07,"BROSENZW",14-FEB-07
241,"Mr.","Joseph","Yourish","185 St. Marks Ave.","11238","718-555-5555","Simpson, Thatcher",11-FEB-07,"BROSENZWEIG",11-FEB-07,"BROSENZW",14-FEB-07
242,"Mr.","Daniel","Ordes","117 Knapp Ave.","07011","201-555-5555","St.Colg.Optometry",11-FEB-07,"BROSENZWEIG",11-FEB-07,"BROSENZW",14-FEB-07
243,"Mr.","Bharat","Roberts","175 Oakland Ave.","07306","201-555-5555","Steinhauer,Sheiman",11-FEB-07,"BROSENZWEIG",11-FEB-07,"BROSENZW",14-FEB-07
244,"Ms.","Sarah","Wilson","457 77th St.","11209","718-555-5555","Thacher, Proffitt",11-FEB-07,"BROSENZWEIG",11-FEB-07,"BROSENZW",14-FEB-07
245,"Mr.","Irv","Dalvi","1504 Harmon Cove Towers","07094","201-555-5555","Thacher, Proffitt",11-FEB-07,"BROSENZWEIG",11-FEB-07,"BROSENZW",14-FEB-07
246,"Ms.","Meryl","Owens","94 Sycamore Rd.","07012","201-555-5555","The COG Group,Inc.",11-FEB-07,"BROSENZWEIG",11-FEB-07,"BROSENZW",14-FEB-07
247,"Mr.","Frank","Bunnell","43 Lindstrom Rd.","06902","203-555-5555","The Plaza Penn Hotel",11-FEB-07,"BROSENZWEIG",11-FEB-07,"BROSENZW",14-FEB-07
248,"Ms.","Tamara","Zapulla","818 E. Ridgewood Ave.","07450","201-555-5555","Thyssen Stuttgart",11-FEB-07,"BROSENZWEIG",11-FEB-07,"BROSENZW",14-FEB-07
250,"Mr.","Evan","Fielding","194-07 58th Ave.","11365","718-555-5555","Toronto Neuenstadt",11-FEB-07,"BROSENZWEIG",11-FEB-07,"BROSENZW",14-FEB-07
251,"Ms.","Catherine","Frangopoulos","2270 41st Street","11105","718-555-5555","U.N.D.P.",11-FEB-07,"BROSENZWEIG",11-FEB-07,"BROSENZW",14-FEB-07
252,"Ms.","Nana","Barogh","4131 Hampton St.","11373","718-555-5555","U.N.D.P.",11-FEB-07,"BROSENZWEIG",11-FEB-07,"BROSENZW",14-FEB-07
253,"Mr.","Walter","Boremmann","88 Old Fields Rd","02563","617-555-5555","Union Bk.Bavaria",11-FEB-07,"BROSENZWEIG",11-FEB-07,"BROSENZW",14-FEB-07
254,"Ms.","Melvina","Chamnonkool","117-36 168th St.","11434","718-555-5555","Union Bk.Bavaria",11-FEB-07,"BROSENZWEIG",11-FEB-07,"BROSENZW",14-FEB-07
256,"Ms.","Lorrane","Velasco","200 Winston Dr. #2212","07010","201-555-5555","Union Bk.Bavaria",11-FEB-07,"BROSENZWEIG",11-FEB-07,"BROSENZW",14-FEB-07
257,"Ms.","Suzanne M.","Abid","279 Hempstead Ave.","11565","718-555-5555","Whitney Comm.",11-FEB-07,"BROSENZWEIG",11-FEB-07,"BROSENZW",14-FEB-07
258,"Ms.","Suzanna","Velasco","1033 Springfield Ave, UCC","07016","201-555-5555","Kirsten Muller",11-FEB-07,"BROSENZWEIG",11-FEB-07,"BROSENZW",14-FEB-07
259,"Mr.","George","Merriman","49 Adair Ct","11565","718-555-5555","Powerhouse Publishing",11-FEB-07,"BROSENZWEIG",11-FEB-07,"BROSENZW",14-FEB-07
260,"Ms.","Jean","Griffith","1219 Mooney Pl.","07065","201-555-5555","Willig Pub.",13-FEB-07,"BROSENZWEIG",13-FEB-07,"BROSENZW",16-FEB-07
261,"Mr.","Vinnie","Moon","32-67 35th St.","11106","718-555-5555","Kirsten Stein",13-FEB-07,"BROSENZWEIG",13-FEB-07,"BROSENZW",16-FEB-07
262,"Ms.","Donna","Walston","236 Washington Ave.","07024","201-555-5555","Willig Pub.",13-FEB-07,"BROSENZWEIG",13-FEB-07,"BROSENZW",16-FEB-07
263,"Mr.","Radharam","King","2416 38 Ave. #5G","11101","718-555-5555","Kirsten Muller",13-FEB-07,"BROSENZWEIG",13-FEB-07,"BROSENZW",16-FEB-07
264,"Ms.","Lorraine","Harty","17 Beach St.","07307","201-555-5555","A.D. Tihany, Intnl",13-FEB-07,"BROSENZWEIG",13-FEB-07,"BROSENZW",16-FEB-07
265,"Ms.","Adele","Rothstein","Box 6028","11106","718-555-5555","A.H.R.B.",13-FEB-07,"BROSENZWEIG",13-FEB-07,"BROSENZW",16-FEB-07
266,"Ms.","Kate","Page","130 8th Ave 38F","11215","718-555-5555","A.H.R.B.",13-FEB-07,"BROSENZWEIG",13-FEB-07,"BROSENZW",16-FEB-07
267,"Mr.","Julius","Kwong","3001 Edwin Ave. 2B","07024","201-555-5555","Adler & Shaykin",13-FEB-07,"BROSENZWEIG",13-FEB-07,"BROSENZW",16-FEB-07
268,"Mr.","Ronald","Tangaribuan","140 Hepburn Rd #9J","07012","201-555-5555","Alex. & Alexander",13-FEB-07,"BROSENZWEIG",13-FEB-07,"BROSENZW",16-FEB-07
269,"Ms.","Sharon","Thompson","390 Parkside Ave. #A4","11220","718-555-5555","Alex. & Alexander",13-FEB-07,"BROSENZWEIG",13-FEB-07,"BROSENZW",16-FEB-07
270,"Mr.","Charles","Caro","6 Buena Vista St.","06907","203-555-5555","Alex. & Alexander",13-FEB-07,"BROSENZWEIG",13-FEB-07,"BROSENZW",16-FEB-07
271,"Mr.","Jose","Benitez","69-68 St.","07093","201-555-5555","Amer. Intl Group",13-FEB-07,"BROSENZWEIG",13-FEB-07,"BROSENZW",16-FEB-07
272,"Ms.","Kevin","Porch","102 Maple St.","07070","201-555-5555","Diabetes Prevention Assoc.",13-FEB-07,"BROSENZWEIG",13-FEB-07,"BROSENZW",16-FEB-07
273,"Ms.","Hedy","Naso","1072 Abbott Blvd.","07024","201-555-5555","Diabetes Prevention Assoc.",13-FEB-07,"BROSENZWEIG",13-FEB-07,"BROSENZW",16-FEB-07
274,"Mr.","John","De Simone","107-28 115th St","11419","718-555-5555","Diabetes Prevention Assoc.",13-FEB-07,"BROSENZWEIG",13-FEB-07,"BROSENZW",16-FEB-07
275,"Mr.","George","Ross","49 Adair Ct.","11565","718-555-5555","Associate Diabetics Foundation",13-FEB-07,"BROSENZWEIG",13-FEB-07,"BROSENZW",16-FEB-07
276,"Ms.","Florence","Valamas","88-20 86 Street","11432","718-555-5555","Amer.Legal Systems",13-FEB-07,"BROSENZWEIG",13-FEB-07,"BROSENZW",16-FEB-07
277,"Ms.","Evelyn","Liggons","67-19 49th Ave","11377","718-555-5555","Amer.Legal Systems",13-FEB-07,"BROSENZWEIG",13-FEB-07,"BROSENZW",16-FEB-07
278,"Mr.","Thomas E.","La Blank","49 Raleigh Rd","02189","617-555-5555","Amer.Legal Systems",13-FEB-07,"BROSENZWEIG",13-FEB-07,"BROSENZW",16-FEB-07
279,"Ms.","George","Korka","3 Aster Pl.","11746","718-555-5555","Amer.Legal Systems",13-FEB-07,"BROSENZWEIG",13-FEB-07,"BROSENZW",16-FEB-07
280,"Mr.","Bill","Engongoro","37-55 77th St #5G","11372","718-555-5555","Amer.Legal Systems",13-FEB-07,"BROSENZWEIG",13-FEB-07,"BROSENZW",16-FEB-07
281,"Ms.","Virginia","Ocampo","68 First Ave.","07094","201-555-5555","Amer.Legal Systems",13-FEB-07,"BROSENZWEIG",13-FEB-07,"BROSENZW",16-FEB-07
282,"Mr.","Jonathan","Jaele","1543 Nostrant Ave. #3C","11226","718-555-5555","Amer.Legal Systems",13-FEB-07,"BROSENZWEIG",13-FEB-07,"BROSENZW",16-FEB-07
283,"Ms.","Benita","Perkins","11 Mirrielees Circle","11021","718-555-5555","Amer.Legal Systems",13-FEB-07,"BROSENZWEIG",13-FEB-07,"BROSENZW",16-FEB-07
284,"Ms.","Salewa","Lindeman","1614 64th St.","11204","718-555-5555","Amer.Legal Systems",13-FEB-07,"BROSENZWEIG",13-FEB-07,"BROSENZW",16-FEB-07
285,"Mr.","Paul","Sikinger","38 Beaumont Pl","07104","201-555-5555","Amer.Legal Systems",13-FEB-07,"BROSENZWEIG",13-FEB-07,"BROSENZW",16-FEB-07
286,"Ms.","Robin","Kelly","200 Winston Dr. #2212","07010","201-555-5555","German Express Corp.",13-FEB-07,"BROSENZWEIG",13-FEB-07,"BROSENZW",16-FEB-07
288,"Ms.","Rosemary","Ellman","143.5 Bowers St.","07307","201-555-5555","Anaesthesiology Associates",13-FEB-07,"BROSENZWEIG",13-FEB-07,"BROSENZW",16-FEB-07
289,"Ms.","Shirley","Murray","PO Box 143","11224","718-555-5555","Arbank, T.A.S.",13-FEB-07,"BROSENZWEIG",13-FEB-07,"BROSENZW",16-FEB-07
290,"Mr.","Brian","Robles","45-08 11th St.","11101","718-555-5555","Asch & Basch, P.A.",17-FEB-07,"BROSENZWEIG",17-FEB-07,"BROSENZW",20-FEB-07
291,"Mr.","D.","Dewitt","4 Rockledge Rd","07042","201-555-5555","Assoc.Help",17-FEB-07,"BROSENZWEIG",17-FEB-07,"BROSENZW",20-FEB-07
292,"Mr.","Austin V.","Cadet","360 Sunset Rd.","07444","201-555-5555","Assoc.Help",17-FEB-07,"BROSENZWEIG",17-FEB-07,"BROSENZW",20-FEB-07
293,"Mr.","Frank","M. Orent","37-21 80th St. #6J","11372","718-555-5555","Assoc.Help",17-FEB-07,"BROSENZWEIG",17-FEB-07,"BROSENZW",20-FEB-07
294,"Ms.","Yvonne","Winnicki","8020 4th Ave.","11209","718-555-5555","Assoc.Help",17-FEB-07,"BROSENZWEIG",17-FEB-07,"BROSENZW",20-FEB-07
296,"Mr.","Mike","Madej","214 Cottage St.","06605","203-555-5555","TRS/Sanders",17-FEB-07,"BROSENZWEIG",17-FEB-07,"BROSENZW",20-FEB-07
298,"Ms.","Paula","Valentine","17 Orchard Farm","11050","718-555-5555","TRS/Sanders",17-FEB-07,"BROSENZWEIG",17-FEB-07,"BROSENZW",20-FEB-07
299,"Mr.","Brian","Saluja","604 McDough St.","11233","718-555-5555","Frontwater Music",17-FEB-07,"BROSENZWEIG",17-FEB-07,"BROSENZW",20-FEB-07
300,"Mr.","Frances","Lawson","70 Nevada Ave.","11042","718-555-5555","Frontwater Music",17-FEB-07,"BROSENZWEIG",17-FEB-07,"BROSENZW",20-FEB-07
301,"Mr.","Barry","Dunkon","1 Marine Pl","07047","201-555-5555","Banco Bueno",17-FEB-07,"BROSENZWEIG",17-FEB-07,"BROSENZW",20-FEB-07
302,"Ms.","Rita","Archor","30 Lakeview Dr.","06905","203-555-5555","Barnard Love",17-FEB-07,"BROSENZWEIG",17-FEB-07,"BROSENZW",20-FEB-07
303,"Mr.","George","Milano","#1 Baycoub Dr.","11360","718-555-5555","Barnard Love",17-FEB-07,"BROSENZWEIG",17-FEB-07,"BROSENZW",20-FEB-07
304,"Mr.","Kardik","Guarino","4141 48th St #3K","11104","718-555-5555","Faerber",17-FEB-07,"BROSENZWEIG",17-FEB-07,"BROSENZW",20-FEB-07
305,"Mr.","Preston","Larcia","131-57 230th","11413","718-555-5555","Schwaebische Landesbank",17-FEB-07,"BROSENZWEIG",17-FEB-07,"BROSENZW",20-FEB-07
306,"Mr.","Norman","Callender","6635 108th St.","11375","718-555-5555","Beketon Dickenson",17-FEB-07,"BROSENZWEIG",17-FEB-07,"BROSENZW",20-FEB-07
307,"Ms.","Salondra","Galik","114-19 131st St.","11420","718-555-5555","Schloomingdales",17-FEB-07,"BROSENZWEIG",17-FEB-07,"BROSENZW",20-FEB-07
309,"Ms.","Carlos","Airall","250 Sylvan Dr","11552","718-555-5555","Breed, Abbott, Tristan",17-FEB-07,"BROSENZWEIG",17-FEB-07,"BROSENZW",20-FEB-07
310,"Mr.","Joseph","Jimenes","221-07 Braddock Ave.","11428","718-555-5555","Breed, Abbott, Tristan",17-FEB-07,"BROSENZWEIG",17-FEB-07,"BROSENZW",20-FEB-07
311,"Mr.","Henry","Masser","5502 Tilden Ave.","11203","718-555-5555","Hurlington Industries",17-FEB-07,"BROSENZWEIG",17-FEB-07,"BROSENZW",20-FEB-07
312,"Ms.","Maria","Allende","2885 Bayview Ave.","11510","718-555-5555","HK Inc.",17-FEB-07,"BROSENZWEIG",17-FEB-07,"BROSENZW",20-FEB-07
313,"Mr.","John","Velie","135-24 233rd St.","11422","718-555-5555","TK Inc.",17-FEB-07,"BROSENZWEIG",17-FEB-07,"BROSENZW",20-FEB-07
314,"Ms.","Bernice","Dermody","209 Carlton Ave.","11205","718-555-5555","New York Pop",17-FEB-07,"BROSENZWEIG",17-FEB-07,"BROSENZW",20-FEB-07
315,"Ms.","Daniel","McHowell","35 Sommerville St","11717","718-555-5555","Rischert & Assoc.",17-FEB-07,"BROSENZWEIG",17-FEB-07,"BROSENZW",20-FEB-07
317,"Ms.","Cathy","Austin","64-18 Madison St.","11385","718-555-5555","New York Culture",17-FEB-07,"BROSENZWEIG",17-FEB-07,"BROSENZW",20-FEB-07
319,"Mr.","George","Eakheit","40 Ramapo Rd","07421","201-555-5555","New York Culture",17-FEB-07,"BROSENZWEIG",17-FEB-07,"BROSENZW",20-FEB-07
320,"Mr.","Mark","Miller","40-44 70th St.","11377","718-555-5555","New York Culture",19-FEB-07,"BROSENZWEIG",19-FEB-07,"BROSENZW",22-FEB-07
321,"Ms.","Jeannette","Smagler","420 Greene Ave.","11216","718-555-5555","New York Culture",19-FEB-07,"BROSENZWEIG",19-FEB-07,"BROSENZW",22-FEB-07
322,"Mr.","Oscar","Archer","578 E 40th ST.","11218","718-555-5555","Capital Natnl Bank",19-FEB-07,"BROSENZWEIG",19-FEB-07,"BROSENZW",22-FEB-07
323,"Mr.","Gilbert","Ginestra","555 North Ave, 24C","07024","201-555-5555","Capital Natnl Bank",19-FEB-07,"BROSENZWEIG",19-FEB-07,"BROSENZW",22-FEB-07
324,"Mr.","Price","Marten","328 Fenimore St. #2","11225","718-555-5555","Xaticorp Retail",19-FEB-07,"BROSENZWEIG",19-FEB-07,"BROSENZW",22-FEB-07
325,"Ms.","Pat","Puetrino","Bldg #11, 1st St","10954","212-555-5555","Hayworth Business School",19-FEB-07,"BROSENZWEIG",19-FEB-07,"BROSENZW",22-FEB-07
326,"Mr.","Piotr","Padel","14 Spring Grove","06820","203-555-5555","Coley & McCarthy",19-FEB-07,"BROSENZWEIG",19-FEB-07,"BROSENZW",22-FEB-07
328,"Mr.","Lynwood A.","Thorton","68 Durand Pl","07111","201-555-5555","Colt Industries",19-FEB-07,"BROSENZWEIG",19-FEB-07,"BROSENZW",22-FEB-07
330,"Mr.","John","Tabs","8821 16th Avenue","11214","718-555-5555","Hayman Budget Offices",19-FEB-07,"BROSENZWEIG",19-FEB-07,"BROSENZW",22-FEB-07
331,"Ms.","Mei-Wah","Zopf","3448 76th ST.","11372","718-555-5555","Millerman Libraries",19-FEB-07,"BROSENZWEIG",19-FEB-07,"BROSENZW",22-FEB-07
332,"Ms.","Paula","Mwangi","321 Hill Ave.","13760","914-555-5555","Public Libraries",19-FEB-07,"BROSENZWEIG",19-FEB-07,"BROSENZW",22-FEB-07
333,"Mr.","Artie","Ward","951 Carroll St. #3B","11225","718-555-5555","Millerman Libraries",19-FEB-07,"BROSENZWEIG",19-FEB-07,"BROSENZW",22-FEB-07
334,"Ms.","Sarah","Annina","64 Janes Ln","06903","203-555-5555","Combustion Eng.",19-FEB-07,"BROSENZWEIG",19-FEB-07,"BROSENZW",22-FEB-07
335,"Ms.","Jane","Jackson","34 Park Row","07057","201-555-5555","Ray Reedy",19-FEB-07,"BROSENZWEIG",19-FEB-07,"BROSENZW",22-FEB-07
336,"Mr.","Steven","Gallagher","522 60th St.","11228","718-555-5555","Combustion Eng.",19-FEB-07,"BROSENZWEIG",19-FEB-07,"BROSENZW",22-FEB-07
337,"Mr.","Preston","Cross","131-57 230th","11413","718-555-5555","Competrol Real Estate",19-FEB-07,"BROSENZWEIG",19-FEB-07,"BROSENZW",22-FEB-07
338,"Ms.","Helga","Towle","87B Hastings Ave.","07070","201-555-5555","Corp.Propty.Invstrs.",19-FEB-07,"BROSENZWEIG",19-FEB-07,"BROSENZW",22-FEB-07
339,"Mr.","Piang","Nyziak","646 Argyle Rd. B20","11230","718-555-5555","Cosmopolitan Reader, Inc.",19-FEB-07,"BROSENZWEIG",19-FEB-07,"BROSENZW",22-FEB-07
340,"Mr.","David","Eng","547 Crown St.","11213","718-555-5555","Counselor at Law",19-FEB-07,"BROSENZWEIG",19-FEB-07,"BROSENZW",22-FEB-07
341,"Mr.","Kevin","Porch","1531 John St.","07024","201-555-5555","Craftex Creations",19-FEB-07,"BROSENZWEIG",19-FEB-07,"BROSENZW",22-FEB-07
342,"Ms.","Marianne","De Armas","25 Duncan Ave.","07304","201-555-5555","Craftex Creations",19-FEB-07,"BROSENZWEIG",19-FEB-07,"BROSENZW",22-FEB-07
343,"Mr.","Ray","Schafer","73 Wilson St","11530","718-555-5555","Craftex Joice",19-FEB-07,"BROSENZWEIG",19-FEB-07,"BROSENZW",22-FEB-07
344,"Rev","R.","Sprouse","525 E. Front St.","07060","201-555-5555","Crane Co.",19-FEB-07,"BROSENZWEIG",19-FEB-07,"BROSENZW",22-FEB-07
345,"Mr.","Peter","Carey","23 School Lane","11743","718-555-5555","Crane Co.",19-FEB-07,"BROSENZWEIG",19-FEB-07,"BROSENZW",22-FEB-07
346,"Dr.","Joane","Buckberg","311 Temple Pl.","07090","201-555-5555","Crane Co.",19-FEB-07,"BROSENZWEIG",19-FEB-07,"BROSENZW",22-FEB-07
347,"Ms.","Edith","Daly","1763 E 28th St","11229","718-555-5555","Crane Co.",19-FEB-07,"BROSENZWEIG",19-FEB-07,"BROSENZW",22-FEB-07
348,"Mr.","Morty","Miller","14 Side Hill Rd","06880","203-555-5555","Crane Co.",19-FEB-07,"BROSENZWEIG",19-FEB-07,"BROSENZW",22-FEB-07
349,"Ms.","Margaret","Mandel","1701 Albemarne Wd. F3","11226","718-555-5555","Crane Co.",19-FEB-07,"BROSENZWEIG",19-FEB-07,"BROSENZW",22-FEB-07
351,"Mr.","Alan","Galik","84-23 Mantuon St #4E","11435","718-555-5555","Credit for Everyone",21-FEB-07,"BROSENZWEIG",21-FEB-07,"BROSENZW",24-FEB-07
352,"Ms.","Debra","Shah","118-48 203rd St","11412","718-555-5555","DHJ Info Services",21-FEB-07,"BROSENZWEIG",21-FEB-07,"BROSENZW",24-FEB-07
353,"Mr.","Paul","Intal","62A Brookdale Grdns.","07003","201-555-5555","Dean Reynolds",21-FEB-07,"BROSENZWEIG",21-FEB-07,"BROSENZW",24-FEB-07
355,"Mr.","Romeo","Ittoop","837 Pavonia Ave.","07306","201-555-5555","Donaldson Lufkin",21-FEB-07,"BROSENZWEIG",21-FEB-07,"BROSENZW",24-FEB-07
356,"Mr.","John","Ancean","23 Pines Bridge Rd","06483","203-555-5555","Donaldson Lufkin",21-FEB-07,"BROSENZWEIG",21-FEB-07,"BROSENZW",24-FEB-07
357,"Mr.","Tom","Vargas","86 Harmon St.","11561","718-555-5555","Doyle & Assoc.",21-FEB-07,"BROSENZWEIG",21-FEB-07,"BROSENZW",24-FEB-07
358,"Ms.","Valerie","Avia","142-20 Franklin Ave. #3M","11355","718-555-5555","Drummond & Hill",21-FEB-07,"BROSENZWEIG",21-FEB-07,"BROSENZW",24-FEB-07
359,"Mr.","Fermin","Galik","54 Grand St.","11758","718-555-5555","Drummond & Hill",21-FEB-07,"BROSENZWEIG",21-FEB-07,"BROSENZW",24-FEB-07
360,"Mr.","Calvin","Kiraly","P.O. Box 1627","06820","203-555-5555","E.Asian Library",21-FEB-07,"BROSENZWEIG",21-FEB-07,"BROSENZW",24-FEB-07
102,"Mr.","Fred","Crocitto","101-09 120th St.","11419","718-555-5555","Albert Hildegard Co.",22-JAN-07,"BROSENZWEIG",19-JAN-07,"BROSENZW",22-JAN-07
103,"Ms.","J.","Landry","7435 Boulevard East #45","07047","201-555-5555","Albert Hildegard Co.",22-JAN-07,"BROSENZWEIG",19-JAN-07,"BROSENZW",22-JAN-07
104,"Ms.","Laetia","Enison","144-61 87th Ave","11435","718-555-5555","Albert Hildegard Co.",22-JAN-07,"BROSENZWEIG",19-JAN-07,"BROSENZW",22-JAN-07
105,"Mr.","Angel","Moskowitz","320 John St.","07024","201-555-5555","Alex. & Alexander",22-JAN-07,"BROSENZWEIG",19-JAN-07,"BROSENZW",22-JAN-07
106,"Ms.","Judith","Olvsade","29 Elmwood Ave.","07042","201-555-5555","Allied Corp.",22-JAN-07,"BROSENZWEIG",19-JAN-07,"BROSENZW",22-JAN-07
107,"Ms.","Catherine","Mierzwa","22-70 41st St.","11105","718-555-5555","Amer.Contract Desgn.",22-JAN-07,"BROSENZWEIG",19-JAN-07,"BROSENZW",22-JAN-07
108,"Ms.","Judy","Sethi","Stratton Hall","02155","617-555-5555","Amer.Contract Desgn.",22-JAN-07,"BROSENZWEIG",19-JAN-07,"BROSENZW",22-JAN-07
109,"Mr.","Larry","Walter","38 Bay 26th ST. #2A","11214","718-555-5555","Amer.Health Found.",22-JAN-07,"BROSENZWEIG",19-JAN-07,"BROSENZW",22-JAN-07
110,"Ms.","Maria","Martin","1674 Woodbine St.","11385","718-555-5555","The Stock Exchange",25-JAN-07,"BROSENZWEIG",22-JAN-07,"BROSENZW",25-JAN-07
111,"Ms.","Peggy","Noviello","155 Union Ave #211","07070","","The Stock Exchange",25-JAN-07,"BROSENZWEIG",22-JAN-07,"BROSENZW",25-JAN-07
112,"Mr.","Thomas","Thomas","501 W Elm St.","07036","201-555-5555","The Stock Exchange",25-JAN-07,"BROSENZWEIG",22-JAN-07,"BROSENZW",25-JAN-07
113,"Mr.","Anil","Kulina","43-44 Kissena Blvd. #155","11355","718-555-5555","ARFBO",25-JAN-07,"BROSENZWEIG",22-JAN-07,"BROSENZW",25-JAN-07
114,"Ms.","Winsome","Laporte","268 E. 3rd St","11226","718-555-5555","ARFBO",25-JAN-07,"BROSENZWEIG",22-JAN-07,"BROSENZW",25-JAN-07
117,"Mr.","N","Kuehn","44-25 59th St.","11377","718-555-5555","Beauty Products",25-JAN-07,"BROSENZWEIG",22-JAN-07,"BROSENZW",25-JAN-07
118,"Ms.","Hiedi","Lopez","168 Rowayton Ave","06853","203-555-5555","Banque de Paris",25-JAN-07,"BROSENZWEIG",22-JAN-07,"BROSENZW",25-JAN-07
119,"Mr.","Mardig","Abdou","160-04 32nd Ave.","11358","718-555-5555","Raymond Capital",25-JAN-07,"BROSENZWEIG",22-JAN-07,"BROSENZW",25-JAN-07
120,"Mr.","Ralph","Alexander","2054 73rd St","11214","718-555-5555","Raymond Capital",27-JAN-07,"BROSENZWEIG",24-JAN-07,"BROSENZW",27-JAN-07
121,"Ms.","Sean","Pineda","3 Salem Rd.","10956","212-555-5555","Burke & Co.",27-JAN-07,"BROSENZWEIG",24-JAN-07,"BROSENZW",27-JAN-07
122,"Ms.","Julita","Lippen","51-76 Van Kleeck St.","11373","718-555-5555","Burke & Co.",27-JAN-07,"BROSENZWEIG",24-JAN-07,"BROSENZW",27-JAN-07
123,"Mr.","Pierre","Radicola","322 Atkins Ave.","11208","718-555-5555","Burke & Co.",27-JAN-07,"BROSENZWEIG",24-JAN-07,"BROSENZW",27-JAN-07
124,"Mr.","Daniel","Wicelinski","27 Brookdale Gdns.","07003","201-555-5555","Burke & Co.",27-JAN-07,"BROSENZWEIG",24-JAN-07,"BROSENZW",27-JAN-07
127,"Mr.","Gary","Aung","135-32 Louis Blvd","11413","718-555-5555","New York Pop",27-JAN-07,"BROSENZWEIG",24-JAN-07,"BROSENZW",27-JAN-07
128,"Mr.","Jeff","Runyan","109-15 Queens Blvd.","11375","718-555-5555","New York Pop",27-JAN-07,"BROSENZWEIG",24-JAN-07,"BROSENZW",27-JAN-07
129,"Mr.","Omaira","Grant","1065 Vermont St. 7F.","11207","718-555-5555","New York Pop",27-JAN-07,"BROSENZWEIG",24-JAN-07,"BROSENZW",27-JAN-07
130,"Ms.","Lula","Oates","11A Emory St.","07304","201-555-5555","New York Pop",27-JAN-07,"BROSENZWEIG",24-JAN-07,"BROSENZW",27-JAN-07
133,"Mr.","James","Reed","109-62 196th St","11412","718-555-5555","New York Pop",27-JAN-07,"BROSENZWEIG",24-JAN-07,"BROSENZW",27-JAN-07
134,"Ms.","Angela","Torres","509 2nd St #4L","11215","718-555-5555","New York Pop",27-JAN-07,"BROSENZWEIG",24-JAN-07,"BROSENZW",27-JAN-07
135,"Ms.","Michelle","Masser","379 Ovington Ave","11209","718-555-5555","New York Pop",27-JAN-07,"BROSENZWEIG",24-JAN-07,"BROSENZW",27-JAN-07
136,"Ms.","Hazel","Lasseter","9720 57th Ave #10G","11368","718-555-5555","DUCCA",27-JAN-07,"BROSENZWEIG",24-JAN-07,"BROSENZW",27-JAN-07
137,"Mr.","James","Miller","9830 57th Ave #3E","11368","718-555-5555","DUCCA",27-JAN-07,"BROSENZWEIG",24-JAN-07,"BROSENZW",27-JAN-07
138,"Mr.","John","Smith","45 Plaza St. West #2D","11217","718-555-5555","Hanon USA, Inc.",27-JAN-07,"BROSENZWEIG",24-JAN-07,"BROSENZW",27-JAN-07
139,"Mr.","Angelo","Garshman","82 Western Ave.","07307","201-555-5555","Chase.Young NY Inc",27-JAN-07,"BROSENZWEIG",24-JAN-07,"BROSENZW",27-JAN-07
140,"Mr.","Derrick","Baltazar","9111 Church Ave. #3N","11236","718-555-5555","Chase Young NY Inc",30-JAN-07,"BROSENZWEIG",27-JAN-07,"BROSENZW",30-JAN-07
141,"Mr.","Robert","Boyd","96-04 57th Ave #12A","11368","718-555-5555","Chicago Pneumat.Tool",30-JAN-07,"BROSENZWEIG",27-JAN-07,"BROSENZW",30-JAN-07
142,"Ms.","Monica","Waldman","257 Depot Rd.","11766","718-555-5555","Hallowhill Center",30-JAN-07,"BROSENZWEIG",27-JAN-07,"BROSENZW",30-JAN-07
143,"Mr.","Gerard","Biers","205 19th St.","11232","718-555-5555","Civil Court",30-JAN-07,"BROSENZWEIG",27-JAN-07,"BROSENZW",30-JAN-07
144,"Mr.","David","Essner","96 E. Ave.","06851","203-555-5555","Medical Presbyterian Hospital",30-JAN-07,"BROSENZWEIG",27-JAN-07,"BROSENZW",30-JAN-07
145,"Mr.","Paul","Lefkowitz","2 World Trade Cnt. 18","10048","212-555-5555","Gleeson Law School",30-JAN-07,"BROSENZWEIG",27-JAN-07,"BROSENZW",30-JAN-07
146,"Mr.","Joseph","German","19 75th St.","07047","201-555-5555","Anna Miller",30-JAN-07,"BROSENZWEIG",27-JAN-07,"BROSENZW",30-JAN-07
147,"Ms.","Judy","Cahouet","6406 10th Ave","11219","718-555-5555","Competrol Real Estate",30-JAN-07,"BROSENZWEIG",27-JAN-07,"BROSENZW",30-JAN-07
148,"Mr.","D.","Orent","117 Knapp Ave.","07011","201-555-5555","Competrol Real Estate",30-JAN-07,"BROSENZWEIG",27-JAN-07,"BROSENZW",30-JAN-07
149,"Ms.","Judith","Prochaska","49 Martindale Rd","07078","201-555-5555","Competrol Real Estate",30-JAN-07,"BROSENZWEIG",27-JAN-07,"BROSENZW",30-JAN-07
150,"Ms.","Regina","Gates","29 Cygnet Dr.","11787","718-555-5555","Coney I.Med. Group",30-JAN-07,"BROSENZWEIG",30-JAN-07,"BROSENZW",30-JAN-07
151,"Ms.","Arlyne","Sheppard","33-54 28th St #2C","11106","718-555-5555","Contnl Resources",30-JAN-07,"BROSENZWEIG",30-JAN-07,"BROSENZW",30-JAN-07
152,"Mr.","Thomas","Edwards","501 W. Elm","07036","201-555-5555","Contnl Resources",30-JAN-07,"BROSENZWEIG",30-JAN-07,"BROSENZW",30-JAN-07
153,"Ms.","Mrudula","Philpotts","86-16 60 Ave. #6L","11373","718-555-5555","Crow Construction",30-JAN-07,"BROSENZWEIG",30-JAN-07,"BROSENZW",30-JAN-07
154,"Ms.","Dawn","Dennis","26 Indian Field Rd.","06830","203-555-5555","Cusack & Stiles",30-JAN-07,"BROSENZWEIG",30-JAN-07,"BROSENZW",30-JAN-07
156,"Mr.","Scott","Grant","8402 14th Ave.","11224","718-555-5555","Naiwa Securities",30-JAN-07,"BROSENZWEIG",30-JAN-07,"BROSENZW",30-JAN-07
157,"Ms.","Shirley","Jameson","101 Daniel St.","07008","201-555-5555","Christa Publishing",30-JAN-07,"BROSENZWEIG",30-JAN-07,"BROSENZW",30-JAN-07
158,"Mr.","Roy","Limate","5 Horizon Rd.","07024","201-555-5555","Documt.Mgmt.Group",30-JAN-07,"BROSENZWEIG",30-JAN-07,"BROSENZW",30-JAN-07
159,"Mr.","Thomas","Edwards","45 Maplewood Ave.","07040","201-555-5555","Kodiak Island",30-JAN-07,"BROSENZWEIG",30-JAN-07,"BROSENZW",30-JAN-07
160,"Mr.","John T.","Beitler","100 Plaza Dr, ITT CSI Emp. Dpt","07096","201-555-5555","Asylum Publishing",02-FEB-07,"BROSENZWEIG",02-FEB-07,"BROSENZW",02-FEB-07
161,"Ms.","Eilene","Grant","245 Henry St. #2I","11201","718-555-5555","Worldwide Delivery",02-FEB-07,"BROSENZWEIG",02-FEB-07,"BROSENZW",02-FEB-07
162,"Ms.","Genny","Andrew","5 Sylvan Ln.","06870","203-555-5555","Miro Life Insurance",02-FEB-07,"BROSENZWEIG",02-FEB-07,"BROSENZW",02-FEB-07
163,"Ms.","Nicole","Gillen","4301 N Ocean #103","10025","904-555-5555","Oil of America Corp.",02-FEB-07,"BROSENZWEIG",02-FEB-07,"BROSENZW",02-FEB-07
164,"Ms.","Sylvia","Perrin","716a Union St.","11215","718-555-5555","Baxxon Corp.",02-FEB-07,"BROSENZWEIG",02-FEB-07,"BROSENZW",02-FEB-07
165,"Mr.","Peter","Daly","1219 Ave Y","11235","718-555-5555","Foster Wheeler",02-FEB-07,"BROSENZWEIG",02-FEB-07,"BROSENZW",02-FEB-07
166,"Ms.","May","Jodoin","162-01 78 th Ave","11366","718-555-5555","Gaum, Inc.",02-FEB-07,"BROSENZWEIG",02-FEB-07,"BROSENZW",02-FEB-07
